{
    "Camera": {
        "0.aspect": 1.0,
        "1.RotSp": 0.009999999776482582,
        "2.offSet": [
            0.0,
            0.0,
            -5.199999809265137
        ],
        "3.RotX Min,Max": [
            -45.0,
            45.0
        ]
    }
}
