{
    "Camera": {
        "0.aspect": 0.44999998807907104,
        "1.RotSp": 0.009999999776482582,
        "2.offSet": [
            0.0,
            0.0,
            -20.0
        ],
        "3.RotX Min,Max": [
            -45.0,
            45.0
        ]
    }
}
